ID,DataHora,Satelite,Pais,Estado,Municipio,Bioma,DiaSemChuva,Precipitacao,Latitude,Longitude,FRP
1,10/1/2023,AQUA_M-T,Brasil,AMAZONAS,L¡BREA,AmazÙnia,0,0.08,-9.43916,-65.4539,11.6
2,10/1/2023,AQUA_M-T,Brasil,AMAZONAS,L¡BREA,AmazÙnia,0,0,-9.2841,-65.66212,12.5
3,10/1/2023,AQUA_M-T,Brasil,AMAZONAS,L¡BREA,AmazÙnia,0,0,-9.28264,-65.65154,13.3
4,10/1/2023,AQUA_M-T,Brasil,AMAZONAS,L¡BREA,AmazÙnia,0,0,-9.27292,-65.65294,26.6
5,10/1/2023,AQUA_M-T,Brasil,AMAZONAS,L¡BREA,AmazÙnia,0,0.09,-9.17723,-65.33824,15.1
6,10/1/2023,AQUA_M-T,Brasil,AMAZONAS,L¡BREA,AmazÙnia,0,0,-9.15341,-65.44792,17.1
7,10/1/2023,AQUA_M-T,Brasil,AMAZONAS,L¡BREA,AmazÙnia,0,0,-9.15197,-65.43742,16.8
8,10/1/2023,AQUA_M-T,Brasil,AMAZONAS,L¡BREA,AmazÙnia,0,0,-9.14161,-65.81686,8.3
9,10/1/2023,AQUA_M-T,Brasil,AMAZONAS,L¡BREA,AmazÙnia,0,0,-9.13335,-65.30239,18.5
10,10/1/2023,AQUA_M-T,Brasil,AMAZONAS,L¡BREA,AmazÙnia,3,1.98,-9.12007,-66.99615,13.3
11,10/1/2023,AQUA_M-T,Brasil,AMAZONAS,L¡BREA,AmazÙnia,0,0.2,-8.983,-65.99807,6.9
12,10/1/2023,AQUA_M-T,Brasil,AMAZONAS,MANICOR…,AmazÙnia,0,3.92,-8.65525,-61.95758,8.2
13,10/1/2023,AQUA_M-T,Brasil,AMAZONAS,HUMAIT¡,AmazÙnia,0,3.08,-8.64949,-62.0437,88.5
14,10/1/2023,AQUA_M-T,Brasil,AMAZONAS,CANUTAMA,AmazÙnia,2,4.29,-8.6403,-64.2081,14.2
15,10/1/2023,AQUA_M-T,Brasil,AMAZONAS,NOVO ARIPUAN√,AmazÙnia,3,0,-8.60555,-61.43306,4.7
16,10/1/2023,AQUA_M-T,Brasil,AMAZONAS,BOCA DO ACRE,AmazÙnia,5,4.15,-8.57757,-67.13378,388.1
17,10/1/2023,AQUA_M-T,Brasil,AMAZONAS,BOCA DO ACRE,AmazÙnia,5,4.04,-8.57579,-67.12074,396.2
18,10/1/2023,AQUA_M-T,Brasil,AMAZONAS,CANUTAMA,AmazÙnia,0,2.42,-8.37734,-63.9771,8.6
19,10/1/2023,AQUA_M-T,Brasil,AMAZONAS,CANUTAMA,AmazÙnia,7,3.41,-7.95817,-63.68396,15.7
20,10/1/2023,AQUA_M-T,Brasil,AMAZONAS,CANUTAMA,AmazÙnia,7,3.71,-7.95688,-63.67496,18.8
21,10/1/2023,AQUA_M-T,Brasil,AMAZONAS,CANUTAMA,AmazÙnia,7,4.55,-7.93974,-63.62893,16.1
22,10/1/2023,AQUA_M-T,Brasil,AMAZONAS,CANUTAMA,AmazÙnia,7,3.92,-7.93599,-63.66619,15.7
23,10/1/2023,AQUA_M-T,Brasil,AMAZONAS,CANUTAMA,AmazÙnia,7,4.17,-7.93469,-63.6572,28.1
24,10/1/2023,AQUA_M-T,Brasil,AMAZONAS,NOVO ARIPUAN√,AmazÙnia,3,0,-7.90038,-61.16181,8.2
25,10/1/2023,AQUA_M-T,Brasil,AMAZONAS,CANUTAMA,AmazÙnia,7,4.54,-7.82014,-63.56067,13.4
26,10/1/2023,AQUA_M-T,Brasil,AMAZONAS,HUMAIT¡,AmazÙnia,0,0,-7.79855,-62.45857,8.2
27,10/1/2023,AQUA_M-T,Brasil,AMAZONAS,NOVO ARIPUAN√,AmazÙnia,3,0,-7.79377,-61.31628,11.9
28,10/1/2023,AQUA_M-T,Brasil,AMAZONAS,MANICOR…,AmazÙnia,3,0,-7.75255,-61.70332,11.8
29,10/1/2023,AQUA_M-T,Brasil,AMAZONAS,MANICOR…,AmazÙnia,3,0,-7.75115,-61.69374,8.3
30,10/1/2023,AQUA_M-T,Brasil,AMAZONAS,MANICOR…,AmazÙnia,3,0,-7.70916,-61.47253,12
31,10/1/2023,AQUA_M-T,Brasil,AMAZONAS,NOVO ARIPUAN√,AmazÙnia,3,0,-7.66664,-61.18457,17.9
32,10/1/2023,AQUA_M-T,Brasil,AMAZONAS,NOVO ARIPUAN√,AmazÙnia,3,0,-7.6572,-61.18601,22.2
33,10/1/2023,AQUA_M-T,Brasil,AMAZONAS,NOVO ARIPUAN√,AmazÙnia,3,0,-7.58702,-61.04083,9.1
34,10/1/2023,AQUA_M-T,Brasil,AMAZONAS,NOVO ARIPUAN√,AmazÙnia,3,0,-7.53424,-61.24234,13.7
35,10/1/2023,AQUA_M-T,Brasil,AMAZONAS,NOVO ARIPUAN√,AmazÙnia,3,0,-7.53272,-61.23225,36.9
36,10/1/2023,AQUA_M-T,Brasil,AMAZONAS,HUMAIT¡,AmazÙnia,0,0,-7.5173,-62.86743,7.6
37,10/1/2023,AQUA_M-T,Brasil,AMAZONAS,CANUTAMA,AmazÙnia,0,0.5,-7.49375,-63.78898,15.2
38,10/1/2023,AQUA_M-T,Brasil,AMAZONAS,CANUTAMA,AmazÙnia,3,0.85,-7.49279,-63.9731,8.6
39,10/1/2023,AQUA_M-T,Brasil,AMAZONAS,L¡BREA,AmazÙnia,0,0.05,-7.45018,-64.51761,18
40,10/1/2023,AQUA_M-T,Brasil,AMAZONAS,PAUINI,AmazÙnia,0,0.1,-7.44572,-67.73704,21.7
41,10/1/2023,AQUA_M-T,Brasil,AMAZONAS,APU√ç,AmazÙnia,3,0,-7.38223,-60.57704,11.4
42,10/1/2023,AQUA_M-T,Brasil,AMAZONAS,APU√ç,AmazÙnia,3,0,-7.38059,-60.56612,8
43,10/1/2023,AQUA_M-T,Brasil,AMAZONAS,L¡BREA,AmazÙnia,0,0.07,-7.32929,-64.76653,8
44,10/1/2023,AQUA_M-T,Brasil,AMAZONAS,L¡BREA,AmazÙnia,0,0,-7.31331,-64.65408,6
45,10/1/2023,AQUA_M-T,Brasil,AMAZONAS,L¡BREA,AmazÙnia,0,0.09,-7.31198,-64.64476,6.2
46,10/1/2023,AQUA_M-T,Brasil,AMAZONAS,APU√ç,AmazÙnia,3,0,-7.14091,-60.00499,22.9
47,10/1/2023,AQUA_M-T,Brasil,AMAZONAS,HUMAIT¡,AmazÙnia,0,0,-7.04641,-62.73822,7.4
48,10/1/2023,AQUA_M-T,Brasil,AMAZONAS,APU√ç,AmazÙnia,3,0,-6.9525,-59.7738,24.6
49,10/1/2023,AQUA_M-T,Brasil,AMAZONAS,APU√ç,AmazÙnia,3,0,-6.95036,-59.61995,13.9
50,10/1/2023,AQUA_M-T,Brasil,AMAZONAS,HUMAIT¡,AmazÙnia,0,0,-6.83612,-62.99944,5.3
51,10/1/2023,AQUA_M-T,Brasil,AMAZONAS,APU√ç,AmazÙnia,3,0,-6.80804,-58.9851,19.5
52,10/1/2023,AQUA_M-T,Brasil,AMAZONAS,APU√ç,AmazÙnia,3,0,-6.75516,-59.33005,113.6
53,10/1/2023,AQUA_M-T,Brasil,AMAZONAS,APU√ç,AmazÙnia,3,0,-6.74796,-59.32464,110.9
54,10/1/2023,AQUA_M-T,Brasil,AMAZONAS,APU√ç,AmazÙnia,3,0,-6.74371,-59.29776,41.9
55,10/1/2023,AQUA_M-T,Brasil,AMAZONAS,APU√ç,AmazÙnia,3,0,-6.70798,-59.31001,160.6
56,10/1/2023,AQUA_M-T,Brasil,AMAZONAS,MAU…S,AmazÙnia,3,0,-6.47843,-58.41449,46.8
57,10/1/2023,AQUA_M-T,Brasil,AMAZONAS,HUMAIT¡,AmazÙnia,0,0,-6.35973,-62.0163,6.7
58,10/1/2023,AQUA_M-T,Brasil,AMAZONAS,NOVO ARIPUAN√,AmazÙnia,3,0,-6.04707,-59.87387,14.9
59,10/1/2023,AQUA_M-T,Brasil,AMAZONAS,NOVO ARIPUAN√,AmazÙnia,3,0,-5.99948,-59.95068,22.3
60,10/1/2023,AQUA_M-T,Brasil,AMAZONAS,NOVO ARIPUAN√,AmazÙnia,3,0,-5.76244,-59.88414,22.5
61,10/1/2023,AQUA_M-T,Brasil,AMAZONAS,TAPAU¡,AmazÙnia,0,0,-5.75797,-63.18695,4.4
62,10/1/2023,AQUA_M-T,Brasil,AMAZONAS,MANICOR…,AmazÙnia,3,0,-5.59441,-60.80013,32
63,10/1/2023,AQUA_M-T,Brasil,AMAZONAS,NOVO ARIPUAN√,AmazÙnia,3,0,-5.58406,-60.18442,42.9
64,10/1/2023,AQUA_M-T,Brasil,AMAZONAS,NOVO ARIPUAN√,AmazÙnia,3,0,-5.57375,-60.18599,15.6
65,10/1/2023,AQUA_M-T,Brasil,AMAZONAS,NOVO ARIPUAN√,AmazÙnia,3,0,-5.45628,-60.22199,44.8
66,10/1/2023,AQUA_M-T,Brasil,AMAZONAS,NOVO ARIPUAN√,AmazÙnia,3,0,-5.29627,-60.17153,39.9
67,10/1/2023,AQUA_M-T,Brasil,AMAZONAS,CARAUARI,AmazÙnia,0,6.44,-4.96764,-66.99718,84.9
68,10/1/2023,AQUA_M-T,Brasil,AMAZONAS,CARAUARI,AmazÙnia,0,5.54,-4.94609,-66.9887,24
69,10/1/2023,AQUA_M-T,Brasil,AMAZONAS,BENJAMIN CONSTANT,AmazÙnia,0,4.08,-4.37249,-69.66253,19.8
70,10/1/2023,AQUA_M-T,Brasil,AMAZONAS,BENJAMIN CONSTANT,AmazÙnia,0,0.1,-4.31164,-69.91587,25.2
71,10/1/2023,AQUA_M-T,Brasil,AMAZONAS,TABATINGA,AmazÙnia,1,0.1,-4.23051,-69.78262,21.4
72,10/1/2023,AQUA_M-T,Brasil,AMAZONAS,COARI,AmazÙnia,1,0,-4.17998,-63.42321,8.7
73,10/1/2023,AQUA_M-T,Brasil,AMAZONAS,COARI,AmazÙnia,1,0,-4.17867,-63.41422,19.6
74,10/1/2023,AQUA_M-T,Brasil,AMAZONAS,COARI,AmazÙnia,1,0,-4.17736,-63.40522,12.1
75,10/1/2023,AQUA_M-T,Brasil,AMAZONAS,COARI,AmazÙnia,1,0,-4.15047,-63.40918,8.3
76,10/1/2023,AQUA_M-T,Brasil,AMAZONAS,COARI,AmazÙnia,2,0,-4.11045,-63.07275,10.1
77,10/1/2023,AQUA_M-T,Brasil,AMAZONAS,TABATINGA,AmazÙnia,0,0.94,-4.06512,-69.55662,16
78,10/1/2023,AQUA_M-T,Brasil,AMAZONAS,COARI,AmazÙnia,0,0,-3.88806,-63.43817,18
79,10/1/2023,AQUA_M-T,Brasil,AMAZONAS,TEF…,AmazÙnia,2,7.23,-3.79247,-64.17449,50.2
80,10/1/2023,AQUA_M-T,Brasil,AMAZONAS,ANORI,AmazÙnia,3,0,-3.78853,-61.74397,11.5
81,10/1/2023,AQUA_M-T,Brasil,AMAZONAS,ANORI,AmazÙnia,3,0,-3.78703,-61.73362,13.1
82,10/1/2023,AQUA_M-T,Brasil,AMAZONAS,AUTAZES,AmazÙnia,3,0,-3.7708,-59.57882,20.9
83,10/1/2023,AQUA_M-T,Brasil,AMAZONAS,CAREIRO,AmazÙnia,3,0,-3.70872,-60.23595,11.5
84,10/1/2023,AQUA_M-T,Brasil,AMAZONAS,ANORI,AmazÙnia,1,0.75,-3.70572,-61.71394,10.4
85,10/1/2023,AQUA_M-T,Brasil,AMAZONAS,ANAM√,AmazÙnia,0,3.61,-3.53447,-61.53657,8.2
86,10/1/2023,AQUA_M-T,Brasil,AMAZONAS,ANAM√,AmazÙnia,0,3.33,-3.53289,-61.52593,25.8
87,10/1/2023,AQUA_M-T,Brasil,AMAZONAS,TEF…,AmazÙnia,2,0,-3.41299,-64.55098,13.7
88,10/1/2023,AQUA_M-T,Brasil,AMAZONAS,TEF…,AmazÙnia,2,0,-3.41171,-64.54209,13.9
89,10/1/2023,AQUA_M-T,Brasil,AMAZONAS,MAU…S,AmazÙnia,3,0,-3.41056,-57.84013,25
90,10/1/2023,AQUA_M-T,Brasil,AMAZONAS,MAU…S,AmazÙnia,3,0,-3.41003,-57.83313,45.5
91,10/1/2023,AQUA_M-T,Brasil,AMAZONAS,TEF…,AmazÙnia,0,0,-3.40924,-64.6515,32.2
92,10/1/2023,AQUA_M-T,Brasil,AMAZONAS,TEF…,AmazÙnia,0,0,-3.40796,-64.64259,66.9
93,10/1/2023,AQUA_M-T,Brasil,AMAZONAS,AUTAZES,AmazÙnia,4,0,-3.40671,-59.29805,9.5
94,10/1/2023,AQUA_M-T,Brasil,AMAZONAS,CAAPIRANGA,AmazÙnia,2,1.48,-3.10255,-61.52149,16.1
95,10/1/2023,AQUA_M-T,Brasil,AMAZONAS,CAAPIRANGA,AmazÙnia,3,0.39,-2.8791,-61.88776,6.3
96,10/2/2023,AQUA_M-T,Brasil,AMAZONAS,L¡BREA,AmazÙnia,3,3.72,-9.33584,-66.5552,54.8
97,10/2/2023,AQUA_M-T,Brasil,AMAZONAS,L¡BREA,AmazÙnia,2,3.34,-9.33226,-66.53382,36.7
98,10/2/2023,AQUA_M-T,Brasil,AMAZONAS,L¡BREA,AmazÙnia,2,0,-9.19546,-66.10574,24.9
99,10/2/2023,AQUA_M-T,Brasil,AMAZONAS,L¡BREA,AmazÙnia,1,0,-9.16072,-67.00702,76.8
100,10/2/2023,AQUA_M-T,Brasil,AMAZONAS,L¡BREA,AmazÙnia,0,0,-8.64269,-67.04967,22.1
101,10/2/2023,AQUA_M-T,Brasil,AMAZONAS,BOCA DO ACRE,AmazÙnia,0,0,-9.4888,-67.47522,23.5
102,10/2/2023,AQUA_M-T,Brasil,AMAZONAS,NHAMUND¡,AmazÙnia,5,0,-2.07058,-56.84731,20.8
103,10/2/2023,AQUA_M-T,Brasil,AMAZONAS,NHAMUND¡,AmazÙnia,5,0,-1.81085,-57.11916,38.4
104,10/2/2023,AQUA_M-T,Brasil,AMAZONAS,NHAMUND¡,AmazÙnia,5,0.01,-1.80638,-57.11498,24.3
105,10/2/2023,AQUA_M-T,Brasil,AMAZONAS,MAU…S,AmazÙnia,3,1.72,-3.48497,-57.8186,46.5
106,10/2/2023,AQUA_M-T,Brasil,AMAZONAS,MAU…S,AmazÙnia,3,2.21,-3.47901,-57.80053,92.8
107,10/2/2023,AQUA_M-T,Brasil,AMAZONAS,URUCURITUBA,AmazÙnia,3,2.66,-3.17768,-58.12524,105.7
108,10/2/2023,AQUA_M-T,Brasil,AMAZONAS,URUCURITUBA,AmazÙnia,3,3.75,-3.17397,-58.09862,108.8
109,10/2/2023,AQUA_M-T,Brasil,AMAZONAS,BARREIRINHA,AmazÙnia,4,0.1,-2.91006,-57.31771,22.2
110,10/2/2023,AQUA_M-T,Brasil,AMAZONAS,S√O SEBASTI√O DO UATUM¡,AmazÙnia,3,0.1,-2.54531,-57.82972,52.3
111,10/2/2023,AQUA_M-T,Brasil,AMAZONAS,S√O SEBASTI√O DO UATUM¡,AmazÙnia,3,0.13,-2.54166,-57.83698,105.1
112,10/2/2023,AQUA_M-T,Brasil,AMAZONAS,PARINTINS,AmazÙnia,4,0,-2.51248,-56.90827,13
113,10/2/2023,AQUA_M-T,Brasil,AMAZONAS,PARINTINS,AmazÙnia,4,0.2,-2.40043,-57.1473,143.3
114,10/2/2023,AQUA_M-T,Brasil,AMAZONAS,NHAMUND¡,AmazÙnia,4,0,-2.35561,-57.0227,77.2
115,10/2/2023,AQUA_M-T,Brasil,AMAZONAS,NHAMUND¡,AmazÙnia,4,0,-2.35266,-57.00158,103.5
116,10/2/2023,AQUA_M-T,Brasil,AMAZONAS,NHAMUND¡,AmazÙnia,4,0,-2.34973,-56.98059,51.3
117,10/2/2023,AQUA_M-T,Brasil,AMAZONAS,NHAMUND¡,AmazÙnia,4,0,-2.3468,-56.95957,24.9
118,10/2/2023,AQUA_M-T,Brasil,AMAZONAS,NHAMUND¡,AmazÙnia,6,0,-2.30611,-56.85984,35.2
119,10/2/2023,AQUA_M-T,Brasil,AMAZONAS,NHAMUND¡,AmazÙnia,6,0,-2.298,-56.97128,19
120,10/2/2023,AQUA_M-T,Brasil,AMAZONAS,NHAMUND¡,AmazÙnia,8,0,-2.27155,-56.78663,24.6
121,10/2/2023,AQUA_M-T,Brasil,AMAZONAS,NHAMUND¡,AmazÙnia,8,0,-2.26866,-56.76644,57.4
122,10/2/2023,AQUA_M-T,Brasil,AMAZONAS,MAU…S,AmazÙnia,3,30.79,-3.80351,-57.275,22.7
123,10/2/2023,AQUA_M-T,Brasil,AMAZONAS,MAU…S,AmazÙnia,3,32.52,-3.7896,-57.27697,77.4
124,10/2/2023,AQUA_M-T,Brasil,AMAZONAS,APU√ç,AmazÙnia,3,2.7,-6.82712,-58.9122,46.1
125,10/2/2023,AQUA_M-T,Brasil,AMAZONAS,APU√ç,AmazÙnia,3,2.42,-6.82202,-58.91682,37.6
126,10/2/2023,AQUA_M-T,Brasil,AMAZONAS,NHAMUND¡,AmazÙnia,8,0,-1.13369,-58.07471,48.7
127,10/2/2023,AQUA_M-T,Brasil,AMAZONAS,NHAMUND¡,AmazÙnia,8,0,-1.13017,-58.04995,23.4
128,10/2/2023,AQUA_M-T,Brasil,AMAZONAS,NHAMUND¡,AmazÙnia,8,0,-1.12971,-58.08223,34.7
129,10/2/2023,AQUA_M-T,Brasil,AMAZONAS,NHAMUND¡,AmazÙnia,8,0,-1.12602,-58.05761,51.8
130,10/2/2023,AQUA_M-T,Brasil,AMAZONAS,CAREIRO,AmazÙnia,3,6.52,-3.42789,-59.77147,44.1
131,10/2/2023,AQUA_M-T,Brasil,AMAZONAS,CAREIRO,AmazÙnia,3,6.09,-3.42385,-59.77573,33.4
132,10/2/2023,AQUA_M-T,Brasil,AMAZONAS,CAREIRO,AmazÙnia,3,8.28,-3.41877,-59.73924,184.7
133,10/2/2023,AQUA_M-T,Brasil,AMAZONAS,BORBA,AmazÙnia,4,0,-4.39257,-59.69391,55.9
134,10/2/2023,AQUA_M-T,Brasil,AMAZONAS,AUTAZES,AmazÙnia,3,1.63,-4.06692,-59.83851,37.5
135,10/2/2023,AQUA_M-T,Brasil,AMAZONAS,NOVO ARIPUAN√,AmazÙnia,4,0,-6.21134,-60.03049,115.6
136,10/2/2023,AQUA_M-T,Brasil,AMAZONAS,NOVO ARIPUAN√,AmazÙnia,4,0,-6.20995,-60.02663,107.1
137,10/2/2023,AQUA_M-T,Brasil,AMAZONAS,APU√ç,AmazÙnia,4,0,-7.07738,-59.31935,57.8
138,10/2/2023,AQUA_M-T,Brasil,AMAZONAS,APU√ç,AmazÙnia,4,0,-7.00586,-59.44784,62.7
139,10/2/2023,AQUA_M-T,Brasil,AMAZONAS,APU√ç,AmazÙnia,4,0,-6.97008,-59.74493,102.4
140,10/2/2023,AQUA_M-T,Brasil,AMAZONAS,APU√ç,AmazÙnia,4,0,-6.96986,-59.75268,82.9
141,10/2/2023,AQUA_M-T,Brasil,AMAZONAS,APU√ç,AmazÙnia,4,0,-6.84751,-59.20694,143.3
142,10/2/2023,AQUA_M-T,Brasil,AMAZONAS,APU√ç,AmazÙnia,4,0,-6.84432,-59.21111,180.3
143,10/2/2023,AQUA_M-T,Brasil,AMAZONAS,APU√ç,AmazÙnia,4,0,-6.83938,-59.17391,90.1
144,10/2/2023,AQUA_M-T,Brasil,AMAZONAS,APU√ç,AmazÙnia,4,0,-6.82278,-59.28575,77.4
145,10/2/2023,AQUA_M-T,Brasil,AMAZONAS,APU√ç,AmazÙnia,4,0,-6.82007,-59.28977,77.5
146,10/2/2023,AQUA_M-T,Brasil,AMAZONAS,CAREIRO,AmazÙnia,3,0.7,-3.67001,-60.23368,115
147,10/2/2023,AQUA_M-T,Brasil,AMAZONAS,CAREIRO,AmazÙnia,3,0.69,-3.66931,-60.23759,104.1
148,10/2/2023,AQUA_M-T,Brasil,AMAZONAS,L¡BREA,AmazÙnia,1,0.2,-7.41837,-64.54893,357.4
149,10/2/2023,AQUA_M-T,Brasil,AMAZONAS,L¡BREA,AmazÙnia,2,0,-9.19682,-65.38165,73.6
150,10/2/2023,AQUA_M-T,Brasil,AMAZONAS,L¡BREA,AmazÙnia,2,0,-9.19652,-65.37666,112.8
151,10/2/2023,AQUA_M-T,Brasil,AMAZONAS,L¡BREA,AmazÙnia,2,0,-9.1924,-65.35515,89
152,10/2/2023,AQUA_M-T,Brasil,AMAZONAS,L¡BREA,AmazÙnia,2,0,-9.19188,-65.35003,65.3
153,10/3/2023,AQUA_M-T,Brasil,AMAZONAS,NHAMUND¡,AmazÙnia,1,0,-1.42598,-57.92045,199.3
154,10/3/2023,AQUA_M-T,Brasil,AMAZONAS,ITACOATIARA,AmazÙnia,4,0,-3.44665,-58.22374,83.1
155,10/3/2023,AQUA_M-T,Brasil,AMAZONAS,MAU…S,AmazÙnia,4,0,-3.44643,-58.02419,16.9
156,10/3/2023,AQUA_M-T,Brasil,AMAZONAS,ITACOATIARA,AmazÙnia,4,0,-3.44514,-58.21357,17.2
157,10/3/2023,AQUA_M-T,Brasil,AMAZONAS,ITACOATIARA,AmazÙnia,5,0,-3.44363,-58.20338,9.6
158,10/3/2023,AQUA_M-T,Brasil,AMAZONAS,MAU…S,AmazÙnia,4,0,-3.44029,-57.98244,6.5
159,10/3/2023,AQUA_M-T,Brasil,AMAZONAS,BOA VISTA DO RAMOS,AmazÙnia,0,0,-3.10478,-57.92204,16.4
160,10/3/2023,AQUA_M-T,Brasil,AMAZONAS,BOA VISTA DO RAMOS,AmazÙnia,0,0,-3.10352,-57.92794,21.3
161,10/3/2023,AQUA_M-T,Brasil,AMAZONAS,URUCURITUBA,AmazÙnia,1,0.62,-2.92667,-57.82959,12.1
162,10/3/2023,AQUA_M-T,Brasil,AMAZONAS,S√O SEBASTI√O DO UATUM¡,AmazÙnia,4,0,-2.53714,-57.82327,12.1
163,10/3/2023,AQUA_M-T,Brasil,AMAZONAS,PARINTINS,AmazÙnia,5,0,-2.52123,-57.23191,7.8
164,10/3/2023,AQUA_M-T,Brasil,AMAZONAS,URUCAR¡,AmazÙnia,4,0,-2.45017,-57.71775,34.5
165,10/3/2023,AQUA_M-T,Brasil,AMAZONAS,NHAMUND¡,AmazÙnia,5,0,-2.36918,-56.96128,111.1
166,10/3/2023,AQUA_M-T,Brasil,AMAZONAS,NHAMUND¡,AmazÙnia,5,0,-2.36734,-56.94878,21.6
167,10/3/2023,AQUA_M-T,Brasil,AMAZONAS,PARINTINS,AmazÙnia,5,0,-2.35818,-57.10176,17.1
168,10/3/2023,AQUA_M-T,Brasil,AMAZONAS,NHAMUND¡,AmazÙnia,7,0,-2.30668,-56.8746,13.6
169,10/3/2023,AQUA_M-T,Brasil,AMAZONAS,NOVA OLINDA DO NORTE,AmazÙnia,8,0,-3.78332,-58.44181,11.2
170,10/3/2023,AQUA_M-T,Brasil,AMAZONAS,MAU…S,AmazÙnia,0,0,-6.83264,-58.56314,25.7
171,10/3/2023,AQUA_M-T,Brasil,AMAZONAS,MAU…S,AmazÙnia,0,0.21,-6.66821,-58.57167,7.4
172,10/3/2023,AQUA_M-T,Brasil,AMAZONAS,MAU…S,AmazÙnia,0,0.2,-6.63682,-58.54781,9.5
173,10/3/2023,AQUA_M-T,Brasil,AMAZONAS,APU√ç,AmazÙnia,3,5,-6.93544,-58.95072,6.8
174,10/3/2023,AQUA_M-T,Brasil,AMAZONAS,MAU…S,AmazÙnia,0,0,-6.83401,-58.57244,20.5
175,10/3/2023,AQUA_M-T,Brasil,AMAZONAS,MAU…S,AmazÙnia,0,0,-6.83127,-58.55383,42.1
176,10/3/2023,AQUA_M-T,Brasil,AMAZONAS,APU√ç,AmazÙnia,3,2.51,-6.82605,-58.89927,8
177,10/3/2023,AQUA_M-T,Brasil,AMAZONAS,APU√ç,AmazÙnia,3,2.43,-6.81705,-58.90062,25.5
178,10/3/2023,AQUA_M-T,Brasil,AMAZONAS,APU√ç,AmazÙnia,3,2.25,-6.81572,-58.89151,10
179,10/3/2023,AQUA_M-T,Brasil,AMAZONAS,MAU…S,AmazÙnia,3,0.7,-6.48189,-58.4303,18.3
180,10/3/2023,AQUA_M-T,Brasil,AMAZONAS,URUCAR¡,AmazÙnia,0,0,-1.91178,-58.23895,12.2
181,10/3/2023,AQUA_M-T,Brasil,AMAZONAS,ITACOATIARA,AmazÙnia,4,0,-3.60558,-58.42012,15.5
182,10/3/2023,AQUA_M-T,Brasil,AMAZONAS,ITACOATIARA,AmazÙnia,4,0,-3.60413,-58.4102,15.8
183,10/3/2023,AQUA_M-T,Brasil,AMAZONAS,ITACOATIARA,AmazÙnia,0,0,-3.44291,-58.56717,22
184,10/3/2023,AQUA_M-T,Brasil,AMAZONAS,SILVES,AmazÙnia,5,0,-2.98126,-58.42258,11.8
185,10/3/2023,AQUA_M-T,Brasil,AMAZONAS,AUTAZES,AmazÙnia,0,0,-3.55636,-58.96593,39.2
186,10/3/2023,AQUA_M-T,Brasil,AMAZONAS,AUTAZES,AmazÙnia,0,0,-3.55497,-58.9565,20.3
187,10/3/2023,AQUA_M-T,Brasil,AMAZONAS,AUTAZES,AmazÙnia,0,0,-3.54719,-58.9673,31.8
188,10/3/2023,AQUA_M-T,Brasil,AMAZONAS,AUTAZES,AmazÙnia,0,0,-3.5458,-58.95786,12.3
189,10/3/2023,AQUA_M-T,Brasil,AMAZONAS,AUTAZES,AmazÙnia,0,0,-3.52848,-59.28151,11.6
190,10/3/2023,AQUA_M-T,Brasil,AMAZONAS,AUTAZES,AmazÙnia,0,0,-3.52153,-58.97768,565.9
191,10/3/2023,AQUA_M-T,Brasil,AMAZONAS,AUTAZES,AmazÙnia,0,0,-3.52017,-58.96826,251.8
192,10/3/2023,AQUA_M-T,Brasil,AMAZONAS,AUTAZES,AmazÙnia,0,0,-3.51941,-59.28284,7
193,10/3/2023,AQUA_M-T,Brasil,AMAZONAS,CAREIRO,AmazÙnia,0,0,-3.51644,-59.82745,8.1
194,10/3/2023,AQUA_M-T,Brasil,AMAZONAS,AUTAZES,AmazÙnia,1,0,-3.51373,-58.98845,14.1
195,10/3/2023,AQUA_M-T,Brasil,AMAZONAS,AUTAZES,AmazÙnia,1,0,-3.51236,-58.97905,70.5
196,10/3/2023,AQUA_M-T,Brasil,AMAZONAS,AUTAZES,AmazÙnia,0,0,-3.51099,-58.96962,19.9
197,10/3/2023,AQUA_M-T,Brasil,AMAZONAS,AUTAZES,AmazÙnia,0,0,-3.48572,-58.92496,7.1
198,10/3/2023,AQUA_M-T,Brasil,AMAZONAS,AUTAZES,AmazÙnia,0,0,-3.46184,-59.32534,15.1
199,10/3/2023,AQUA_M-T,Brasil,AMAZONAS,AUTAZES,AmazÙnia,0,0,-3.44975,-58.87204,19.5
200,10/3/2023,AQUA_M-T,Brasil,AMAZONAS,AUTAZES,AmazÙnia,5,0,-3.44772,-59.09986,13.2
201,10/3/2023,AQUA_M-T,Brasil,AMAZONAS,AUTAZES,AmazÙnia,6,0,-3.44636,-59.09051,11
202,10/3/2023,AQUA_M-T,Brasil,AMAZONAS,AUTAZES,AmazÙnia,5,0,-3.4308,-59.11191,8.5
203,10/3/2023,AQUA_M-T,Brasil,AMAZONAS,AUTAZES,AmazÙnia,4,0,-3.40656,-58.81583,9
204,10/3/2023,AQUA_M-T,Brasil,AMAZONAS,CAREIRO DA V¡RZEA,AmazÙnia,0,0.2,-3.40647,-59.58279,12.8
205,10/3/2023,AQUA_M-T,Brasil,AMAZONAS,CAREIRO,AmazÙnia,1,0,-3.40338,-59.81386,10.5
206,10/3/2023,AQUA_M-T,Brasil,AMAZONAS,CAREIRO,AmazÙnia,1,0,-3.39441,-59.81517,51.4
207,10/3/2023,AQUA_M-T,Brasil,AMAZONAS,CAREIRO,AmazÙnia,1,0,-3.3931,-59.80619,34.1
208,10/3/2023,AQUA_M-T,Brasil,AMAZONAS,CAREIRO DA V¡RZEA,AmazÙnia,0,0,-3.39166,-59.41725,40.6
209,10/3/2023,AQUA_M-T,Brasil,AMAZONAS,CAREIRO DA V¡RZEA,AmazÙnia,0,0,-3.39033,-59.40808,30.3
210,10/3/2023,AQUA_M-T,Brasil,AMAZONAS,CAREIRO,AmazÙnia,0,0,-3.38499,-59.68773,10.3
211,10/3/2023,AQUA_M-T,Brasil,AMAZONAS,CAREIRO DA V¡RZEA,AmazÙnia,0,0,-3.38128,-59.4094,24.4
212,10/3/2023,AQUA_M-T,Brasil,AMAZONAS,ITACOATIARA,AmazÙnia,10,0,-3.35816,-58.87181,11.4
213,10/3/2023,AQUA_M-T,Brasil,AMAZONAS,ITACOATIARA,AmazÙnia,10,0,-3.35676,-58.86226,112.4
214,10/3/2023,AQUA_M-T,Brasil,AMAZONAS,CAREIRO DA V¡RZEA,AmazÙnia,4,0,-3.35176,-59.8363,88.4
215,10/3/2023,AQUA_M-T,Brasil,AMAZONAS,CAREIRO DA V¡RZEA,AmazÙnia,4,0,-3.3441,-59.84658,11.5
216,10/3/2023,AQUA_M-T,Brasil,AMAZONAS,CAREIRO DA V¡RZEA,AmazÙnia,0,0,-3.32499,-59.46084,19.4
217,10/3/2023,AQUA_M-T,Brasil,AMAZONAS,CAREIRO DA V¡RZEA,AmazÙnia,0,0,-3.32367,-59.45169,13.7
218,10/3/2023,AQUA_M-T,Brasil,AMAZONAS,CAREIRO DA V¡RZEA,AmazÙnia,5,0,-3.31983,-59.86846,43.6
219,10/3/2023,AQUA_M-T,Brasil,AMAZONAS,CAREIRO DA V¡RZEA,AmazÙnia,0,0,-3.30893,-59.66761,182.5
220,10/3/2023,AQUA_M-T,Brasil,AMAZONAS,CAREIRO DA V¡RZEA,AmazÙnia,0,0,-3.30761,-59.65855,61
221,10/3/2023,AQUA_M-T,Brasil,AMAZONAS,CAREIRO DA V¡RZEA,AmazÙnia,0,0,-3.30365,-59.63138,9.1
222,10/3/2023,AQUA_M-T,Brasil,AMAZONAS,ITACOATIARA,AmazÙnia,11,0,-3.22291,-58.88464,7.9
223,10/3/2023,AQUA_M-T,Brasil,AMAZONAS,ITACOATIARA,AmazÙnia,11,0,-3.22153,-58.8751,27.2
224,10/3/2023,AQUA_M-T,Brasil,AMAZONAS,ITACOATIARA,AmazÙnia,11,0,-3.18762,-58.77211,35.4
225,10/3/2023,AQUA_M-T,Brasil,AMAZONAS,ITACOATIARA,AmazÙnia,11,0,-3.09777,-58.79193,8.8
226,10/3/2023,AQUA_M-T,Brasil,AMAZONAS,ITACOATIARA,AmazÙnia,11,0,-3.09648,-59.10345,27.3
227,10/3/2023,AQUA_M-T,Brasil,AMAZONAS,ITACOATIARA,AmazÙnia,1,0,-3.06757,-59.27572,158
228,10/3/2023,AQUA_M-T,Brasil,AMAZONAS,ITACOATIARA,AmazÙnia,1,0,-3.06621,-59.26641,103.8
229,10/3/2023,AQUA_M-T,Brasil,AMAZONAS,ITACOATIARA,AmazÙnia,2,0,-3.03122,-59.34439,9.2
230,10/3/2023,AQUA_M-T,Brasil,AMAZONAS,ITACOATIARA,AmazÙnia,2,0,-3.02988,-59.33514,11.5
231,10/3/2023,AQUA_M-T,Brasil,AMAZONAS,RIO PRETO DA EVA,AmazÙnia,3,0,-2.63993,-59.37905,9.8
232,10/3/2023,AQUA_M-T,Brasil,AMAZONAS,NOVA OLINDA DO NORTE,AmazÙnia,7,0,-3.80777,-58.47834,8.5
233,10/3/2023,AQUA_M-T,Brasil,AMAZONAS,NOVA OLINDA DO NORTE,AmazÙnia,8,0,-3.78476,-58.45167,8
234,10/3/2023,AQUA_M-T,Brasil,AMAZONAS,BORBA,AmazÙnia,5,0,-4.50994,-59.5686,16.4
235,10/3/2023,AQUA_M-T,Brasil,AMAZONAS,BORBA,AmazÙnia,5,0,-4.50863,-59.5596,8
236,10/3/2023,AQUA_M-T,Brasil,AMAZONAS,AUTAZES,AmazÙnia,0,0,-4.32378,-59.99778,206.1
237,10/3/2023,AQUA_M-T,Brasil,AMAZONAS,AUTAZES,AmazÙnia,0,0,-4.32249,-59.98887,129.7
238,10/3/2023,AQUA_M-T,Brasil,AMAZONAS,BORBA,AmazÙnia,5,0,-4.30854,-59.70226,33
239,10/3/2023,AQUA_M-T,Brasil,AMAZONAS,BORBA,AmazÙnia,2,2.7,-4.24902,-59.29502,23.8
240,10/3/2023,AQUA_M-T,Brasil,AMAZONAS,AUTAZES,AmazÙnia,0,0,-4.14698,-59.92096,37.3
241,10/3/2023,AQUA_M-T,Brasil,AMAZONAS,AUTAZES,AmazÙnia,0,0,-4.13804,-59.92227,38.1
242,10/3/2023,AQUA_M-T,Brasil,AMAZONAS,AUTAZES,AmazÙnia,1,0,-4.08996,-59.90766,10.2
243,10/3/2023,AQUA_M-T,Brasil,AMAZONAS,AUTAZES,AmazÙnia,0,0,-3.96515,-59.74969,248.1
244,10/3/2023,AQUA_M-T,Brasil,AMAZONAS,AUTAZES,AmazÙnia,0,0,-3.96384,-59.74072,85.4
245,10/3/2023,AQUA_M-T,Brasil,AMAZONAS,AUTAZES,AmazÙnia,3,0,-3.95768,-59.82403,19.1
246,10/3/2023,AQUA_M-T,Brasil,AMAZONAS,AUTAZES,AmazÙnia,0,0,-3.95619,-59.75099,27.4
247,10/3/2023,AQUA_M-T,Brasil,AMAZONAS,AUTAZES,AmazÙnia,2,0,-3.95507,-59.80611,27.6
248,10/3/2023,AQUA_M-T,Brasil,AMAZONAS,BORBA,AmazÙnia,2,2.75,-3.94349,-59.41123,9.9
249,10/3/2023,AQUA_M-T,Brasil,AMAZONAS,AUTAZES,AmazÙnia,0,0,-3.87118,-59.73257,12.6
250,10/3/2023,AQUA_M-T,Brasil,AMAZONAS,AUTAZES,AmazÙnia,0,0,-3.86222,-59.73389,129
251,10/3/2023,AQUA_M-T,Brasil,AMAZONAS,AUTAZES,AmazÙnia,0,0,-3.86091,-59.7249,172.2
252,10/3/2023,AQUA_M-T,Brasil,AMAZONAS,AUTAZES,AmazÙnia,3,0.27,-3.84551,-59.36619,11
253,10/3/2023,AQUA_M-T,Brasil,AMAZONAS,AUTAZES,AmazÙnia,0,0.19,-3.83618,-59.6181,10.2
254,10/3/2023,AQUA_M-T,Brasil,AMAZONAS,AUTAZES,AmazÙnia,0,0.2,-3.82719,-59.61942,10.1
255,10/3/2023,AQUA_M-T,Brasil,AMAZONAS,AUTAZES,AmazÙnia,0,0.1,-3.82613,-59.67486,11.9
256,10/3/2023,AQUA_M-T,Brasil,AMAZONAS,AUTAZES,AmazÙnia,0,0.4,-3.72854,-59.3899,8.9
257,10/3/2023,AQUA_M-T,Brasil,AMAZONAS,AUTAZES,AmazÙnia,0,1.31,-3.72543,-59.55773,29.2
258,10/3/2023,AQUA_M-T,Brasil,AMAZONAS,AUTAZES,AmazÙnia,0,1.41,-3.7241,-59.54866,55.2
259,10/3/2023,AQUA_M-T,Brasil,AMAZONAS,NOVA OLINDA DO NORTE,AmazÙnia,2,0,-3.71796,-58.93946,54.3
260,10/3/2023,AQUA_M-T,Brasil,AMAZONAS,NOVA OLINDA DO NORTE,AmazÙnia,2,0,-3.71657,-58.93005,52.6
261,10/3/2023,AQUA_M-T,Brasil,AMAZONAS,NOVA OLINDA DO NORTE,AmazÙnia,2,0,-3.70927,-58.93771,30.1
262,10/3/2023,AQUA_M-T,Brasil,AMAZONAS,AUTAZES,AmazÙnia,0,0,-3.70806,-59.18612,9.2
263,10/3/2023,AQUA_M-T,Brasil,AMAZONAS,NOVA OLINDA DO NORTE,AmazÙnia,1,0,-3.70791,-58.92827,20.3
264,10/3/2023,AQUA_M-T,Brasil,AMAZONAS,AUTAZES,AmazÙnia,0,0,-3.69665,-59.23505,4.5
265,10/3/2023,AQUA_M-T,Brasil,AMAZONAS,AUTAZES,AmazÙnia,0,0.52,-3.6832,-59.64359,16.6
266,10/3/2023,AQUA_M-T,Brasil,AMAZONAS,AUTAZES,AmazÙnia,0,0,-3.65035,-59.16242,6.3
267,10/3/2023,AQUA_M-T,Brasil,AMAZONAS,NOVO ARIPUAN√,AmazÙnia,5,0.2,-5.62617,-60.21185,9
268,10/3/2023,AQUA_M-T,Brasil,AMAZONAS,NOVO ARIPUAN√,AmazÙnia,5,0.1,-5.57644,-60.18273,141.7
269,10/3/2023,AQUA_M-T,Brasil,AMAZONAS,NOVO ARIPUAN√,AmazÙnia,5,0.1,-5.57516,-60.17382,218.8
270,10/3/2023,AQUA_M-T,Brasil,AMAZONAS,NOVO ARIPUAN√,AmazÙnia,5,0.05,-5.57387,-60.16492,32.7
271,10/3/2023,AQUA_M-T,Brasil,AMAZONAS,NOVO ARIPUAN√,AmazÙnia,5,0,-5.55415,-60.22892,8.9
272,10/3/2023,AQUA_M-T,Brasil,AMAZONAS,NOVO ARIPUAN√,AmazÙnia,5,0,-5.55158,-60.2111,19.6
273,10/3/2023,AQUA_M-T,Brasil,AMAZONAS,NOVO ARIPUAN√,AmazÙnia,5,0,-5.51462,-60.20741,69.6
274,10/3/2023,AQUA_M-T,Brasil,AMAZONAS,NOVO ARIPUAN√,AmazÙnia,5,0,-5.51333,-60.19851,81.9
275,10/3/2023,AQUA_M-T,Brasil,AMAZONAS,NOVO ARIPUAN√,AmazÙnia,4,0,-5.51205,-60.18961,12
276,10/3/2023,AQUA_M-T,Brasil,AMAZONAS,NOVO ARIPUAN√,AmazÙnia,5,0,-5.5057,-60.20872,14.4
277,10/3/2023,AQUA_M-T,Brasil,AMAZONAS,NOVO ARIPUAN√,AmazÙnia,5,0,-5.50442,-60.19981,20.4
278,10/3/2023,AQUA_M-T,Brasil,AMAZONAS,NOVO ARIPUAN√,AmazÙnia,5,0,-5.50433,-60.13619,20.5
279,10/3/2023,AQUA_M-T,Brasil,AMAZONAS,NOVO ARIPUAN√,AmazÙnia,5,0,-5.50193,-60.24566,13.4
280,10/3/2023,AQUA_M-T,Brasil,AMAZONAS,NOVO ARIPUAN√,AmazÙnia,5,0,-5.50185,-60.18201,11.3
281,10/3/2023,AQUA_M-T,Brasil,AMAZONAS,NOVO ARIPUAN√,AmazÙnia,5,0,-5.49557,-60.26478,25.6
282,10/3/2023,AQUA_M-T,Brasil,AMAZONAS,NOVO ARIPUAN√,AmazÙnia,5,0,-5.49429,-60.25587,58.7
283,10/3/2023,AQUA_M-T,Brasil,AMAZONAS,NOVO ARIPUAN√,AmazÙnia,5,0,-5.49422,-60.19221,9.2
284,10/3/2023,AQUA_M-T,Brasil,AMAZONAS,NOVO ARIPUAN√,AmazÙnia,5,0,-5.49293,-60.18331,19.5
285,10/3/2023,AQUA_M-T,Brasil,AMAZONAS,NOVO ARIPUAN√,AmazÙnia,5,0,-5.48922,-60.28391,15.6
286,10/3/2023,AQUA_M-T,Brasil,AMAZONAS,NOVO ARIPUAN√,AmazÙnia,5,0,-5.48666,-60.26608,120.5
287,10/3/2023,AQUA_M-T,Brasil,AMAZONAS,NOVO ARIPUAN√,AmazÙnia,5,0,-5.48537,-60.25717,374.5
288,10/3/2023,AQUA_M-T,Brasil,AMAZONAS,NOVO ARIPUAN√,AmazÙnia,5,0,-5.47253,-60.16811,15.2
289,10/3/2023,AQUA_M-T,Brasil,AMAZONAS,NOVO ARIPUAN√,AmazÙnia,5,0,-5.45501,-60.17645,12
290,10/3/2023,AQUA_M-T,Brasil,AMAZONAS,NOVO ARIPUAN√,AmazÙnia,5,0,-5.45253,-60.22227,14.9
291,10/3/2023,AQUA_M-T,Brasil,AMAZONAS,NOVO ARIPUAN√,AmazÙnia,5,0,-5.45004,-60.26812,5.2
292,10/3/2023,AQUA_M-T,Brasil,AMAZONAS,NOVO ARIPUAN√,AmazÙnia,5,0,-5.44875,-60.2592,57.3
293,10/3/2023,AQUA_M-T,Brasil,AMAZONAS,NOVO ARIPUAN√,AmazÙnia,5,0,-5.44747,-60.2503,66.9
294,10/3/2023,AQUA_M-T,Brasil,AMAZONAS,NOVO ARIPUAN√,AmazÙnia,5,0,-5.44618,-60.24139,31
295,10/3/2023,AQUA_M-T,Brasil,AMAZONAS,NOVO ARIPUAN√,AmazÙnia,5,0,-5.44489,-60.23248,23.2
296,10/3/2023,AQUA_M-T,Brasil,AMAZONAS,NOVO ARIPUAN√,AmazÙnia,5,0,-5.44112,-60.26942,45
297,10/3/2023,AQUA_M-T,Brasil,AMAZONAS,NOVO ARIPUAN√,AmazÙnia,5,0,-5.43983,-60.26051,253.9
298,10/3/2023,AQUA_M-T,Brasil,AMAZONAS,NOVO ARIPUAN√,AmazÙnia,5,0,-5.43855,-60.2516,28.9
299,10/3/2023,AQUA_M-T,Brasil,AMAZONAS,NOVO ARIPUAN√,AmazÙnia,5,0,-5.29634,-60.16075,20.1
300,10/3/2023,AQUA_M-T,Brasil,AMAZONAS,NOVO ARIPUAN√,AmazÙnia,5,0,-5.28871,-60.17095,17.1
301,10/3/2023,AQUA_M-T,Brasil,AMAZONAS,NOVO ARIPUAN√,AmazÙnia,5,0,-5.28605,-60.08958,17.3
302,10/3/2023,AQUA_M-T,Brasil,AMAZONAS,NOVO ARIPUAN√,AmazÙnia,5,0,-5.28476,-60.08068,7.4
303,10/3/2023,AQUA_M-T,Brasil,AMAZONAS,NOVO ARIPUAN√,AmazÙnia,5,0,-5.25349,-60.24548,15.9
304,10/3/2023,AQUA_M-T,Brasil,AMAZONAS,NOVO ARIPUAN√,AmazÙnia,5,0,-5.2522,-60.23658,23.7
305,10/3/2023,AQUA_M-T,Brasil,AMAZONAS,NOVO ARIPUAN√,AmazÙnia,5,0,-5.24706,-60.20098,9.4
306,10/3/2023,AQUA_M-T,Brasil,AMAZONAS,NOVO ARIPUAN√,AmazÙnia,5,0,-5.2432,-60.17429,12.7
307,10/3/2023,AQUA_M-T,Brasil,AMAZONAS,NOVO ARIPUAN√,AmazÙnia,5,0,-5.21782,-60.25069,9.3
308,10/3/2023,AQUA_M-T,Brasil,AMAZONAS,NOVO ARIPUAN√,AmazÙnia,5,0,-5.1853,-60.28922,9.4
309,10/3/2023,AQUA_M-T,Brasil,AMAZONAS,NOVO ARIPUAN√,AmazÙnia,5,0,-5.09508,-60.23531,65.8
310,10/3/2023,AQUA_M-T,Brasil,AMAZONAS,NOVO ARIPUAN√,AmazÙnia,5,0,-5.0938,-60.22641,34.7
311,10/3/2023,AQUA_M-T,Brasil,AMAZONAS,BORBA,AmazÙnia,2,0,-5.80635,-59.22926,16.2
312,10/3/2023,AQUA_M-T,Brasil,AMAZONAS,NOVO ARIPUAN√,AmazÙnia,4,33.23,-7.19387,-60.68048,12.7
313,10/3/2023,AQUA_M-T,Brasil,AMAZONAS,NOVO ARIPUAN√,AmazÙnia,4,24.64,-6.81644,-60.10423,7.2
314,10/3/2023,AQUA_M-T,Brasil,AMAZONAS,APU√ç,AmazÙnia,4,24.37,-6.9223,-60.00333,8.8
315,10/3/2023,AQUA_M-T,Brasil,AMAZONAS,APU√ç,AmazÙnia,4,24.55,-6.89724,-60.02186,6.2
316,10/3/2023,AQUA_M-T,Brasil,AMAZONAS,APU√ç,AmazÙnia,4,2.91,-6.88162,-59.40719,12
317,10/3/2023,AQUA_M-T,Brasil,AMAZONAS,APU√ç,AmazÙnia,4,15.76,-6.8739,-59.79721,12.4
318,10/3/2023,AQUA_M-T,Brasil,AMAZONAS,NOVO ARIPUAN√,AmazÙnia,4,23.24,-6.84369,-60.02971,12
319,10/3/2023,AQUA_M-T,Brasil,AMAZONAS,APU√ç,AmazÙnia,4,15.39,-6.82932,-59.80377,17.3
320,10/3/2023,AQUA_M-T,Brasil,AMAZONAS,APU√ç,AmazÙnia,4,1.42,-6.79283,-59.42602,93
321,10/3/2023,AQUA_M-T,Brasil,AMAZONAS,APU√ç,AmazÙnia,4,1.3,-6.79153,-59.41706,25.7
322,10/3/2023,AQUA_M-T,Brasil,AMAZONAS,APU√ç,AmazÙnia,5,0.3,-6.71549,-59.3434,11.4
323,10/3/2023,AQUA_M-T,Brasil,AMAZONAS,APU√ç,AmazÙnia,4,0.55,-6.65704,-59.44355,21.9
324,10/3/2023,AQUA_M-T,Brasil,AMAZONAS,NOVO ARIPUAN√,AmazÙnia,4,8.46,-6.54698,-59.95532,37.6
325,10/3/2023,AQUA_M-T,Brasil,AMAZONAS,NOVO ARIPUAN√,AmazÙnia,4,8.18,-6.54569,-59.9464,11.6
326,10/3/2023,AQUA_M-T,Brasil,AMAZONAS,PRESIDENTE FIGUEIREDO,AmazÙnia,3,0,-1.77444,-60.3326,11.3
327,10/3/2023,AQUA_M-T,Brasil,AMAZONAS,PRESIDENTE FIGUEIREDO,AmazÙnia,2,0,-1.5404,-60.17783,5.1
328,10/3/2023,AQUA_M-T,Brasil,AMAZONAS,PRESIDENTE FIGUEIREDO,AmazÙnia,5,0,-1.43811,-60.36408,7.7
329,10/3/2023,AQUA_M-T,Brasil,AMAZONAS,PRESIDENTE FIGUEIREDO,AmazÙnia,5,0,-1.43681,-60.35514,6.4
330,10/3/2023,AQUA_M-T,Brasil,AMAZONAS,PRESIDENTE FIGUEIREDO,AmazÙnia,4,0,-1.37715,-60.25976,37.3
331,10/3/2023,AQUA_M-T,Brasil,AMAZONAS,PRESIDENTE FIGUEIREDO,AmazÙnia,4,0,-1.37585,-60.25079,17.7
332,10/3/2023,AQUA_M-T,Brasil,AMAZONAS,PRESIDENTE FIGUEIREDO,AmazÙnia,0,0,-0.96685,-60.22476,40.1
333,10/3/2023,AQUA_M-T,Brasil,AMAZONAS,MANACAPURU,AmazÙnia,4,0,-3.54128,-60.63924,5.5
334,10/3/2023,AQUA_M-T,Brasil,AMAZONAS,MANAQUIRI,AmazÙnia,4,0,-3.53602,-60.47691,49.1
335,10/3/2023,AQUA_M-T,Brasil,AMAZONAS,MANAQUIRI,AmazÙnia,4,0,-3.53474,-60.46804,48.7
336,10/3/2023,AQUA_M-T,Brasil,AMAZONAS,MANACAPURU,AmazÙnia,4,0,-3.53057,-60.94639,10.1
337,10/3/2023,AQUA_M-T,Brasil,AMAZONAS,MANACAPURU,AmazÙnia,4,0,-3.52928,-60.93747,7.6
338,10/3/2023,AQUA_M-T,Brasil,AMAZONAS,MANAQUIRI,AmazÙnia,4,0,-3.5284,-60.48708,7.9
339,10/3/2023,AQUA_M-T,Brasil,AMAZONAS,MANAQUIRI,AmazÙnia,4,0,-3.52711,-60.47821,6.9
340,10/3/2023,AQUA_M-T,Brasil,AMAZONAS,MANACAPURU,AmazÙnia,4,0,-3.47312,-61.18996,8.7
341,10/3/2023,AQUA_M-T,Brasil,AMAZONAS,MANACAPURU,AmazÙnia,4,0,-3.47182,-61.18097,15.6
342,10/3/2023,AQUA_M-T,Brasil,AMAZONAS,MANAQUIRI,AmazÙnia,1,0,-3.45726,-60.37629,30.6
343,10/3/2023,AQUA_M-T,Brasil,AMAZONAS,MANAQUIRI,AmazÙnia,1,0,-3.45597,-60.36741,11
344,10/3/2023,AQUA_M-T,Brasil,AMAZONAS,MANAQUIRI,AmazÙnia,2,0,-3.44328,-60.40551,18.8
345,10/3/2023,AQUA_M-T,Brasil,AMAZONAS,MANACAPURU,AmazÙnia,3,0,-3.44226,-60.6503,4.8
346,10/3/2023,AQUA_M-T,Brasil,AMAZONAS,MANAQUIRI,AmazÙnia,2,0,-3.442,-60.39664,19.2
347,10/3/2023,AQUA_M-T,Brasil,AMAZONAS,MANACAPURU,AmazÙnia,4,0,-3.44098,-60.64143,9.8
348,10/3/2023,AQUA_M-T,Brasil,AMAZONAS,MANAQUIRI,AmazÙnia,0,0,-3.43301,-60.3345,24.9
349,10/3/2023,AQUA_M-T,Brasil,AMAZONAS,MANAQUIRI,AmazÙnia,1,0,-3.42025,-60.30915,11
350,10/3/2023,AQUA_M-T,Brasil,AMAZONAS,MANAQUIRI,AmazÙnia,4,0,-3.39873,-60.41201,21.2
351,10/3/2023,AQUA_M-T,Brasil,AMAZONAS,CAREIRO,AmazÙnia,5,0,-3.38558,-60.13262,22.2
352,10/3/2023,AQUA_M-T,Brasil,AMAZONAS,MANAQUIRI,AmazÙnia,4,0,-3.34839,-60.45315,9.8
353,10/3/2023,AQUA_M-T,Brasil,AMAZONAS,CAAPIRANGA,AmazÙnia,0,0,-3.26982,-61.12161,13.4
354,10/3/2023,AQUA_M-T,Brasil,AMAZONAS,MANACAPURU,AmazÙnia,4,0.23,-3.23236,-60.79935,24.5
355,10/3/2023,AQUA_M-T,Brasil,AMAZONAS,MANACAPURU,AmazÙnia,4,0.4,-3.22473,-60.80953,23.3
356,10/3/2023,AQUA_M-T,Brasil,AMAZONAS,MANACAPURU,AmazÙnia,4,0.32,-3.22344,-60.80065,38.8
357,10/3/2023,AQUA_M-T,Brasil,AMAZONAS,MANACAPURU,AmazÙnia,4,0.76,-3.21716,-60.88325,7.9
358,10/3/2023,AQUA_M-T,Brasil,AMAZONAS,MANACAPURU,AmazÙnia,4,0,-3.15445,-60.57513,7.5
359,10/3/2023,AQUA_M-T,Brasil,AMAZONAS,MANACAPURU,AmazÙnia,5,0.1,-3.12682,-60.70258,46.8
360,10/3/2023,AQUA_M-T,Brasil,AMAZONAS,IRANDUBA,AmazÙnia,5,0.1,-3.12553,-60.69371,28
361,10/3/2023,AQUA_M-T,Brasil,AMAZONAS,IRANDUBA,AmazÙnia,4,0.28,-2.95334,-60.90327,58.6
362,10/3/2023,AQUA_M-T,Brasil,AMAZONAS,IRANDUBA,AmazÙnia,4,0.27,-2.95205,-60.89438,7.7
363,10/3/2023,AQUA_M-T,Brasil,AMAZONAS,NOVO AIR√O,AmazÙnia,3,0,-2.49844,-61.07294,10.8
364,10/3/2023,AQUA_M-T,Brasil,AMAZONAS,CAREIRO,AmazÙnia,3,0,-3.49204,-59.9839,12
365,10/3/2023,AQUA_M-T,Brasil,AMAZONAS,CAREIRO,AmazÙnia,3,0,-3.49075,-59.97497,12.8
366,10/3/2023,AQUA_M-T,Brasil,AMAZONAS,CAREIRO,AmazÙnia,4,0,-3.48827,-60.02094,17.1
367,10/3/2023,AQUA_M-T,Brasil,AMAZONAS,CAREIRO,AmazÙnia,3,0,-3.4831,-59.98521,5.9
368,10/3/2023,AQUA_M-T,Brasil,AMAZONAS,CAREIRO,AmazÙnia,3,0,-3.48181,-59.97628,35.3
369,10/3/2023,AQUA_M-T,Brasil,AMAZONAS,CAREIRO,AmazÙnia,3,0,-3.48052,-59.96733,13.7
370,10/3/2023,AQUA_M-T,Brasil,AMAZONAS,CAREIRO,AmazÙnia,4,0,-3.39985,-59.91518,10.8
371,10/3/2023,AQUA_M-T,Brasil,AMAZONAS,IRANDUBA,AmazÙnia,5,0,-3.18622,-60.02835,7.4
372,10/3/2023,AQUA_M-T,Brasil,AMAZONAS,RIO PRETO DA EVA,AmazÙnia,0,0,-2.56223,-59.85392,10.2
373,10/3/2023,AQUA_M-T,Brasil,AMAZONAS,ANORI,AmazÙnia,4,0,-3.95366,-61.51629,17.1
374,10/3/2023,AQUA_M-T,Brasil,AMAZONAS,ANORI,AmazÙnia,4,0,-3.9446,-61.51761,18.3
375,10/3/2023,AQUA_M-T,Brasil,AMAZONAS,BORBA,AmazÙnia,3,0,-4.34604,-60.91945,13.4
376,10/3/2023,AQUA_M-T,Brasil,AMAZONAS,BERURI,AmazÙnia,4,0,-4.31529,-60.89643,7.2
377,10/3/2023,AQUA_M-T,Brasil,AMAZONAS,BERURI,AmazÙnia,4,0,-4.314,-60.88747,7.4
378,10/3/2023,AQUA_M-T,Brasil,AMAZONAS,CAREIRO,AmazÙnia,0,0.84,-3.99105,-60.43395,13.1
379,10/3/2023,AQUA_M-T,Brasil,AMAZONAS,MANAQUIRI,AmazÙnia,4,0,-3.90735,-60.94019,18
380,10/3/2023,AQUA_M-T,Brasil,AMAZONAS,MANAQUIRI,AmazÙnia,4,0.1,-3.83689,-60.76813,30.1
381,10/3/2023,AQUA_M-T,Brasil,AMAZONAS,MANAQUIRI,AmazÙnia,4,0.1,-3.82668,-60.76053,7.8
382,10/3/2023,AQUA_M-T,Brasil,AMAZONAS,CAREIRO,AmazÙnia,0,0.61,-3.82001,-60.46205,8.2
383,10/3/2023,AQUA_M-T,Brasil,AMAZONAS,CAREIRO,AmazÙnia,0,0.34,-3.81994,-60.39861,9.9
384,10/3/2023,AQUA_M-T,Brasil,AMAZONAS,BERURI,AmazÙnia,4,0,-3.76253,-61.27664,9.1
385,10/3/2023,AQUA_M-T,Brasil,AMAZONAS,MANAQUIRI,AmazÙnia,0,0.1,-3.7429,-60.50694,7
386,10/3/2023,AQUA_M-T,Brasil,AMAZONAS,CAREIRO,AmazÙnia,0,0,-3.73066,-60.28471,11.4
387,10/3/2023,AQUA_M-T,Brasil,AMAZONAS,CAREIRO,AmazÙnia,4,0,-3.72411,-60.17676,8.4
388,10/3/2023,AQUA_M-T,Brasil,AMAZONAS,MANAQUIRI,AmazÙnia,1,0.1,-3.7238,-60.50067,50.4
389,10/3/2023,AQUA_M-T,Brasil,AMAZONAS,CAREIRO,AmazÙnia,4,0,-3.72283,-60.16787,36.1
390,10/3/2023,AQUA_M-T,Brasil,AMAZONAS,MANAQUIRI,AmazÙnia,1,0.1,-3.72251,-60.49179,68.4
391,10/3/2023,AQUA_M-T,Brasil,AMAZONAS,CAREIRO,AmazÙnia,4,0,-3.71519,-60.17806,14.9
392,10/3/2023,AQUA_M-T,Brasil,AMAZONAS,CAREIRO,AmazÙnia,4,0,-3.71391,-60.16917,58.2
393,10/3/2023,AQUA_M-T,Brasil,AMAZONAS,MANACAPURU,AmazÙnia,4,0,-3.70948,-61.03605,5.8
394,10/3/2023,AQUA_M-T,Brasil,AMAZONAS,CAREIRO,AmazÙnia,2,0,-3.70569,-60.24959,23.7
395,10/3/2023,AQUA_M-T,Brasil,AMAZONAS,CAREIRO,AmazÙnia,2,0,-3.7044,-60.24071,10.9
396,10/3/2023,AQUA_M-T,Brasil,AMAZONAS,CAREIRO,AmazÙnia,4,0,-3.70047,-60.15053,13.7
397,10/3/2023,AQUA_M-T,Brasil,AMAZONAS,CAREIRO,AmazÙnia,2,0,-3.69179,-60.34226,20.3
398,10/3/2023,AQUA_M-T,Brasil,AMAZONAS,CAREIRO,AmazÙnia,2,0,-3.68416,-60.35244,11.9
399,10/3/2023,AQUA_M-T,Brasil,AMAZONAS,CAREIRO,AmazÙnia,2,0,-3.68288,-60.34356,9.6
400,10/3/2023,AQUA_M-T,Brasil,AMAZONAS,MANACAPURU,AmazÙnia,4,0,-3.66218,-61.08872,35.9
401,10/3/2023,AQUA_M-T,Brasil,AMAZONAS,MANACAPURU,AmazÙnia,4,0,-3.65425,-61.10548,34.1
402,10/3/2023,AQUA_M-T,Brasil,AMAZONAS,MANACAPURU,AmazÙnia,4,0,-3.65295,-61.0965,10.1
403,10/3/2023,AQUA_M-T,Brasil,AMAZONAS,MANACAPURU,AmazÙnia,4,0,-3.58372,-60.99677,13.8
404,10/3/2023,AQUA_M-T,Brasil,AMAZONAS,BORBA,AmazÙnia,5,0,-5.01086,-60.67321,5.7
405,10/3/2023,AQUA_M-T,Brasil,AMAZONAS,BERURI,AmazÙnia,4,0,-4.68902,-61.31413,21.4
406,10/3/2023,AQUA_M-T,Brasil,AMAZONAS,BERURI,AmazÙnia,4,0,-4.63458,-61.25649,9.7
407,10/3/2023,AQUA_M-T,Brasil,AMAZONAS,BORBA,AmazÙnia,4,0,-4.57806,-61.18725,6.6
408,10/3/2023,AQUA_M-T,Brasil,AMAZONAS,BORBA,AmazÙnia,4,0,-4.52387,-61.13015,6.7
409,10/3/2023,AQUA_M-T,Brasil,AMAZONAS,BORBA,AmazÙnia,4,0,-4.51357,-61.12238,13.4
410,10/3/2023,AQUA_M-T,Brasil,AMAZONAS,BORBA,AmazÙnia,2,0,-4.47984,-60.18059,10.2
411,10/3/2023,AQUA_M-T,Brasil,AMAZONAS,MANICOR…,AmazÙnia,2,2.9,-5.5449,-61.50643,9.4
412,10/3/2023,AQUA_M-T,Brasil,AMAZONAS,NOVO ARIPUAN√,AmazÙnia,4,0.69,-5.50033,-60.61679,11.9
413,10/3/2023,AQUA_M-T,Brasil,AMAZONAS,NOVO ARIPUAN√,AmazÙnia,4,0.65,-5.49137,-60.6181,22.8
414,10/3/2023,AQUA_M-T,Brasil,AMAZONAS,NOVO ARIPUAN√,AmazÙnia,4,0.55,-5.49008,-60.60912,8.3
415,10/3/2023,AQUA_M-T,Brasil,AMAZONAS,ANAM√,AmazÙnia,3,0,-3.60767,-61.54379,29.8
416,10/3/2023,AQUA_M-T,Brasil,AMAZONAS,ANAM√,AmazÙnia,2,0,-3.59749,-61.60152,28.8
417,10/3/2023,AQUA_M-T,Brasil,AMAZONAS,ANAM√,AmazÙnia,3,0,-3.5973,-61.53593,15.5
418,10/3/2023,AQUA_M-T,Brasil,AMAZONAS,ANAM√,AmazÙnia,2,0,-3.59617,-61.59231,11.4
419,10/3/2023,AQUA_M-T,Brasil,AMAZONAS,ANAM√,AmazÙnia,2,0,-3.59485,-61.58311,17.7
420,10/3/2023,AQUA_M-T,Brasil,AMAZONAS,ANAM√,AmazÙnia,2,0,-3.58825,-61.53724,12.2
421,10/3/2023,AQUA_M-T,Brasil,AMAZONAS,ANAM√,AmazÙnia,2,0,-3.54171,-61.53461,38.2
422,10/3/2023,AQUA_M-T,Brasil,AMAZONAS,ANAM√,AmazÙnia,2,0,-3.5404,-61.52544,7.4
423,10/3/2023,AQUA_M-T,Brasil,AMAZONAS,ANAM√,AmazÙnia,2,0,-3.53198,-61.53323,16.2
424,10/3/2023,AQUA_M-T,Brasil,AMAZONAS,ANAM√,AmazÙnia,2,0,-3.53065,-61.52407,24.6
425,10/3/2023,AQUA_M-T,Brasil,AMAZONAS,CODAJ¡S,AmazÙnia,2,0,-3.52191,-62.16073,15.1
426,10/3/2023,AQUA_M-T,Brasil,AMAZONAS,ANAM√,AmazÙnia,2,0,-3.52161,-61.52539,48
427,10/3/2023,AQUA_M-T,Brasil,AMAZONAS,CAAPIRANGA,AmazÙnia,1,0.49,-3.14322,-61.52073,21.9
428,10/3/2023,AQUA_M-T,Brasil,AMAZONAS,CAAPIRANGA,AmazÙnia,1,0.56,-3.1419,-61.51162,51.8
429,10/3/2023,AQUA_M-T,Brasil,AMAZONAS,CAAPIRANGA,AmazÙnia,4,0.1,-3.01411,-61.38779,13.3
430,10/3/2023,AQUA_M-T,Brasil,AMAZONAS,ANORI,AmazÙnia,5,0,-3.79234,-61.74071,19.4
431,10/3/2023,AQUA_M-T,Brasil,AMAZONAS,ANORI,AmazÙnia,5,0,-3.78322,-61.74203,28.2
432,10/3/2023,AQUA_M-T,Brasil,AMAZONAS,ANORI,AmazÙnia,5,0,-3.75851,-61.76463,13.1
433,10/3/2023,AQUA_M-T,Brasil,AMAZONAS,ANORI,AmazÙnia,5,0,-3.75719,-61.7553,14.8
434,10/3/2023,AQUA_M-T,Brasil,AMAZONAS,ANORI,AmazÙnia,4,0,-3.75455,-61.73668,24
435,10/3/2023,AQUA_M-T,Brasil,AMAZONAS,ANORI,AmazÙnia,4,0,-3.75046,-61.64257,15.5
436,10/3/2023,AQUA_M-T,Brasil,AMAZONAS,ANORI,AmazÙnia,4,0,-3.74404,-61.7257,15.4
437,10/3/2023,AQUA_M-T,Brasil,AMAZONAS,ANORI,AmazÙnia,4,0,-3.73627,-61.73632,18.5
438,10/3/2023,AQUA_M-T,Brasil,AMAZONAS,ANORI,AmazÙnia,4,0,-3.72581,-61.7283,13.4
439,10/3/2023,AQUA_M-T,Brasil,AMAZONAS,ANORI,AmazÙnia,4,0,-3.7167,-61.72962,42.2
440,10/3/2023,AQUA_M-T,Brasil,AMAZONAS,ANORI,AmazÙnia,3,0,-3.69582,-61.71366,15.8
441,10/3/2023,AQUA_M-T,Brasil,AMAZONAS,CODAJ¡S,AmazÙnia,2,0,-3.64542,-62.19946,33.9
442,10/3/2023,AQUA_M-T,Brasil,AMAZONAS,TAPAU¡,AmazÙnia,2,3.02,-5.15209,-62.51704,31.9
443,10/3/2023,AQUA_M-T,Brasil,AMAZONAS,TAPAU¡,AmazÙnia,2,2.9,-5.14849,-62.52433,40.9
444,10/3/2023,AQUA_M-T,Brasil,AMAZONAS,UARINI,AmazÙnia,3,40.89,-3.21035,-65.1696,14.7
445,10/3/2023,AQUA_M-T,Brasil,AMAZONAS,UARINI,AmazÙnia,4,40.94,-3.19918,-65.1712,81.5
446,10/3/2023,AQUA_M-T,Brasil,AMAZONAS,UARINI,AmazÙnia,1,35.46,-2.97616,-65.21468,50.6
447,10/3/2023,AQUA_M-T,Brasil,AMAZONAS,TEF…,AmazÙnia,2,4.33,-4.46269,-65.50362,13.4
448,10/3/2023,AQUA_M-T,Brasil,AMAZONAS,TEF…,AmazÙnia,2,4.21,-4.46058,-65.51347,68.7
449,10/3/2023,AQUA_M-T,Brasil,AMAZONAS,TEF…,AmazÙnia,2,4.44,-4.45842,-65.49743,254.9
450,10/3/2023,AQUA_M-T,Brasil,AMAZONAS,TEF…,AmazÙnia,1,4.41,-4.45094,-65.50512,228.2
451,10/3/2023,AQUA_M-T,Brasil,AMAZONAS,TEF…,AmazÙnia,1,4.67,-4.4487,-65.48931,46.2
452,10/3/2023,AQUA_M-T,Brasil,AMAZONAS,L¡BREA,AmazÙnia,2,0,-9.12338,-67.01085,73.7
453,10/3/2023,AQUA_M-T,Brasil,AMAZONAS,L¡BREA,AmazÙnia,2,0,-9.01273,-67.11449,62.2
454,10/3/2023,AQUA_M-T,Brasil,AMAZONAS,BOCA DO ACRE,AmazÙnia,2,0,-8.57725,-67.14727,36.3
455,10/3/2023,AQUA_M-T,Brasil,AMAZONAS,L¡BREA,AmazÙnia,0,0,-9.34013,-66.54413,110.8
456,10/3/2023,AQUA_M-T,Brasil,AMAZONAS,L¡BREA,AmazÙnia,0,0,-9.33398,-66.55206,107.1
457,10/3/2023,AQUA_M-T,Brasil,AMAZONAS,L¡BREA,AmazÙnia,3,0,-9.19342,-65.8781,22.2
458,10/3/2023,AQUA_M-T,Brasil,AMAZONAS,L¡BREA,AmazÙnia,3,0,-9.19084,-65.85759,33.1
459,10/3/2023,AQUA_M-T,Brasil,AMAZONAS,L¡BREA,AmazÙnia,3,0,-9.18456,-66.09737,45.5
460,10/3/2023,AQUA_M-T,Brasil,AMAZONAS,L¡BREA,AmazÙnia,3,0,-9.18068,-65.86349,26.1
461,10/3/2023,AQUA_M-T,Brasil,AMAZONAS,L¡BREA,AmazÙnia,2,0,-9.082,-66.11826,78.3
462,10/3/2023,AQUA_M-T,Brasil,AMAZONAS,L¡BREA,AmazÙnia,2,0,-9.04724,-66.05788,24.5
463,10/3/2023,AQUA_M-T,Brasil,AMAZONAS,L¡BREA,AmazÙnia,2,0,-9.03918,-65.99447,36.9
464,10/3/2023,AQUA_M-T,Brasil,AMAZONAS,L¡BREA,AmazÙnia,2,0,-9.03905,-65.8891,33.1
465,10/3/2023,AQUA_M-T,Brasil,AMAZONAS,L¡BREA,AmazÙnia,2,0,-8.97705,-66.00785,27.9
466,10/3/2023,AQUA_M-T,Brasil,AMAZONAS,L¡BREA,AmazÙnia,2,0,-8.97435,-65.98697,38.2
467,10/3/2023,AQUA_M-T,Brasil,AMAZONAS,L¡BREA,AmazÙnia,3,0,-8.73956,-66.61679,40.2
468,10/3/2023,AQUA_M-T,Brasil,AMAZONAS,L¡BREA,AmazÙnia,3,0,-8.73393,-66.62257,58.6
469,10/3/2023,AQUA_M-T,Brasil,AMAZONAS,L¡BREA,AmazÙnia,3,0,-8.73087,-66.59949,74.8
470,10/3/2023,AQUA_M-T,Brasil,AMAZONAS,L¡BREA,AmazÙnia,3,0,-8.66201,-66.60836,45
471,10/3/2023,AQUA_M-T,Brasil,AMAZONAS,L¡BREA,AmazÙnia,3,0,-8.65537,-66.6161,37.2
472,10/3/2023,AQUA_M-T,Brasil,AMAZONAS,L¡BREA,AmazÙnia,2,0,-9.48911,-67.04885,33.1
473,10/3/2023,AQUA_M-T,Brasil,AMAZONAS,L¡BREA,AmazÙnia,2,0,-9.45863,-67.15869,56.7
474,10/3/2023,AQUA_M-T,Brasil,AMAZONAS,L¡BREA,AmazÙnia,2,0,-9.45691,-67.16626,42.8
475,10/3/2023,AQUA_M-T,Brasil,AMAZONAS,L¡BREA,AmazÙnia,2,0,-9.44408,-67.16063,48.6
476,10/3/2023,AQUA_M-T,Brasil,AMAZONAS,L¡BREA,AmazÙnia,2,0,-9.45538,-67.13229,39.3
477,10/3/2023,AQUA_M-T,Brasil,AMAZONAS,L¡BREA,AmazÙnia,2,0,-9.45346,-67.13987,78.4
478,10/3/2023,AQUA_M-T,Brasil,AMAZONAS,JUTAÕ,AmazÙnia,2,2.31,-2.83361,-66.82217,15.4
479,10/3/2023,AQUA_M-T,Brasil,AMAZONAS,JUTAÕ,AmazÙnia,2,0.6,-2.76303,-67.06245,32.7
480,10/3/2023,AQUA_M-T,Brasil,AMAZONAS,JUTAÕ,AmazÙnia,3,0.2,-2.68171,-67.23829,14.7
481,10/3/2023,AQUA_M-T,Brasil,AMAZONAS,JUTAÕ,AmazÙnia,2,2.87,-2.41418,-66.62165,20.7
482,10/3/2023,AQUA_M-T,Brasil,AMAZONAS,JUTAÕ,AmazÙnia,2,2.74,-2.4116,-66.62912,28.4
483,10/3/2023,AQUA_M-T,Brasil,AMAZONAS,JUTAÕ,AmazÙnia,3,0.14,-3.12291,-67.12624,19.7
484,10/3/2023,AQUA_M-T,Brasil,AMAZONAS,JUTAÕ,AmazÙnia,2,0.6,-2.76111,-67.0578,32.9
485,10/3/2023,AQUA_M-T,Brasil,AMAZONAS,PAUINI,AmazÙnia,2,0,-7.44098,-67.74537,38.9
486,10/3/2023,AQUA_M-T,Brasil,AMAZONAS,TAPAU¡,AmazÙnia,3,0,-6.82016,-66.95315,20.2
487,10/3/2023,AQUA_M-T,Brasil,AMAZONAS,BOCA DO ACRE,AmazÙnia,2,0,-9.37521,-67.83274,80.6
488,10/3/2023,AQUA_M-T,Brasil,AMAZONAS,BOCA DO ACRE,AmazÙnia,2,0,-9.20528,-67.92615,58.8
489,10/3/2023,AQUA_M-T,Brasil,AMAZONAS,BOCA DO ACRE,AmazÙnia,2,0,-9.20159,-67.89626,34.5
490,10/3/2023,AQUA_M-T,Brasil,AMAZONAS,BOCA DO ACRE,AmazÙnia,2,0,-9.19065,-67.80774,24.3
491,10/3/2023,AQUA_M-T,Brasil,AMAZONAS,BOCA DO ACRE,AmazÙnia,2,0,-9.18704,-67.77855,25.1
492,10/3/2023,AQUA_M-T,Brasil,AMAZONAS,BOCA DO ACRE,AmazÙnia,2,0,-9.15417,-68.25241,38.6
493,10/3/2023,AQUA_M-T,Brasil,AMAZONAS,BOCA DO ACRE,AmazÙnia,2,0,-9.14328,-67.91073,79.3
494,10/3/2023,AQUA_M-T,Brasil,AMAZONAS,BOCA DO ACRE,AmazÙnia,2,0,-9.14015,-67.90418,88.9
495,10/3/2023,AQUA_M-T,Brasil,AMAZONAS,BOCA DO ACRE,AmazÙnia,2,0,-9.13953,-67.88105,51.4
496,10/3/2023,AQUA_M-T,Brasil,AMAZONAS,BOCA DO ACRE,AmazÙnia,2,0,-9.09436,-67.7678,44.9
497,10/3/2023,AQUA_M-T,Brasil,AMAZONAS,BOCA DO ACRE,AmazÙnia,2,0,-9.01558,-67.4964,327.3
498,10/3/2023,AQUA_M-T,Brasil,AMAZONAS,BOCA DO ACRE,AmazÙnia,2,0,-9.01473,-67.49165,508.7
499,10/3/2023,AQUA_M-T,Brasil,AMAZONAS,BOCA DO ACRE,AmazÙnia,1,0,-9.01205,-67.46901,610.6
500,10/3/2023,AQUA_M-T,Brasil,AMAZONAS,BOCA DO ACRE,AmazÙnia,2,0,-9.0114,-67.46423,461.1
501,10/3/2023,AQUA_M-T,Brasil,AMAZONAS,BOCA DO ACRE,AmazÙnia,0,0,-8.909,-68.7345,69.2
502,10/3/2023,AQUA_M-T,Brasil,AMAZONAS,BOCA DO ACRE,AmazÙnia,0,0,-8.90166,-68.74261,84.1
503,10/3/2023,AQUA_M-T,Brasil,AMAZONAS,BOCA DO ACRE,AmazÙnia,2,0,-8.89232,-67.60386,44.6
504,10/3/2023,AQUA_M-T,Brasil,AMAZONAS,BOCA DO ACRE,AmazÙnia,1,0,-8.88884,-67.576,50.6
505,10/3/2023,AQUA_M-T,Brasil,AMAZONAS,BOCA DO ACRE,AmazÙnia,0,0,-8.10689,-68.20435,26.1
506,10/3/2023,AQUA_M-T,Brasil,AMAZONAS,BOCA DO ACRE,AmazÙnia,0,0,-8.10313,-68.19794,21.1
507,10/3/2023,AQUA_M-T,Brasil,AMAZONAS,BARCELOS,AmazÙnia,7,0,-1.74073,-62.7764,8.3
508,10/3/2023,AQUA_M-T,Brasil,AMAZONAS,L¡BREA,AmazÙnia,3,0.21,-7.34048,-64.69886,26.7
509,10/3/2023,AQUA_M-T,Brasil,AMAZONAS,L¡BREA,AmazÙnia,3,0.3,-7.33837,-64.68336,149.9
510,10/3/2023,AQUA_M-T,Brasil,AMAZONAS,L¡BREA,AmazÙnia,2,0.49,-7.22579,-64.70584,13
511,10/3/2023,AQUA_M-T,Brasil,AMAZONAS,L¡BREA,AmazÙnia,3,0,-9.28299,-65.65326,112.7
512,10/3/2023,AQUA_M-T,Brasil,AMAZONAS,L¡BREA,AmazÙnia,3,0,-9.27014,-65.65516,45.4
513,10/3/2023,AQUA_M-T,Brasil,AMAZONAS,L¡BREA,AmazÙnia,3,0,-9.22213,-65.79112,48.3
514,10/3/2023,AQUA_M-T,Brasil,AMAZONAS,L¡BREA,AmazÙnia,3,0,-9.21031,-65.38744,72.7
515,10/3/2023,AQUA_M-T,Brasil,AMAZONAS,L¡BREA,AmazÙnia,3,0,-9.2065,-65.37582,116.4
516,10/3/2023,AQUA_M-T,Brasil,AMAZONAS,L¡BREA,AmazÙnia,3,0,-9.19393,-65.37749,61.9
517,10/3/2023,AQUA_M-T,Brasil,AMAZONAS,L¡BREA,AmazÙnia,3,0,-9.17889,-65.36043,37.5
518,10/3/2023,AQUA_M-T,Brasil,AMAZONAS,L¡BREA,AmazÙnia,3,0,-9.16635,-65.36218,61.5
519,10/3/2023,AQUA_M-T,Brasil,AMAZONAS,L¡BREA,AmazÙnia,3,0,-9.13408,-65.30979,37.1
520,10/3/2023,AQUA_M-T,Brasil,AMAZONAS,L¡BREA,AmazÙnia,3,0,-9.11016,-65.72866,21.6
521,10/3/2023,AQUA_M-T,Brasil,AMAZONAS,CANUTAMA,AmazÙnia,2,0,-8.86386,-64.28074,26.4
522,10/3/2023,AQUA_M-T,Brasil,AMAZONAS,CANUTAMA,AmazÙnia,2,0,-8.85767,-64.23508,34.6
523,10/3/2023,AQUA_M-T,Brasil,AMAZONAS,CANUTAMA,AmazÙnia,2,0.05,-8.85035,-64.26701,25
524,10/3/2023,AQUA_M-T,Brasil,AMAZONAS,L¡BREA,AmazÙnia,3,0,-9.46329,-65.84464,38.9
525,10/3/2023,AQUA_M-T,Brasil,AMAZONAS,L¡BREA,AmazÙnia,3,0,-9.46305,-65.83087,60.9
526,10/3/2023,AQUA_M-T,Brasil,AMAZONAS,L¡BREA,AmazÙnia,3,0,-9.46072,-65.82418,38.1
527,10/3/2023,AQUA_M-T,Brasil,AMAZONAS,L¡BREA,AmazÙnia,2,0,-9.42818,-65.46331,36.9
528,10/3/2023,AQUA_M-T,Brasil,AMAZONAS,SANTO ANT‘NIO DO I«¡,AmazÙnia,3,0,-3.06894,-68.96879,89.1
529,10/3/2023,AQUA_M-T,Brasil,AMAZONAS,EIRUNEP…,AmazÙnia,0,0,-6.56826,-69.85289,60.1
530,10/3/2023,AQUA_M-T,Brasil,AMAZONAS,BENJAMIN CONSTANT,AmazÙnia,2,0,-4.41897,-69.90104,60.1
531,10/3/2023,AQUA_M-T,Brasil,AMAZONAS,BENJAMIN CONSTANT,AmazÙnia,1,0,-4.41412,-69.90633,37
532,10/3/2023,AQUA_M-T,Brasil,AMAZONAS,BENJAMIN CONSTANT,AmazÙnia,0,0,-4.31451,-69.92001,61.7
533,10/3/2023,AQUA_M-T,Brasil,AMAZONAS,EIRUNEP…,AmazÙnia,0,0,-6.56585,-69.85718,54.3
534,10/4/2023,AQUA_M-T,Brasil,AMAZONAS,L¡BREA,AmazÙnia,2,2.59,-9.0191,-67.00272,18.9
535,10/4/2023,AQUA_M-T,Brasil,AMAZONAS,L¡BREA,AmazÙnia,2,2.69,-9.01101,-67.01511,71
536,10/4/2023,AQUA_M-T,Brasil,AMAZONAS,BOCA DO ACRE,AmazÙnia,2,10.46,-8.76136,-67.19453,13.6
537,10/4/2023,AQUA_M-T,Brasil,AMAZONAS,L¡BREA,AmazÙnia,3,24.02,-8.64548,-66.56812,23
538,10/4/2023,AQUA_M-T,Brasil,AMAZONAS,BOCA DO ACRE,AmazÙnia,2,20.22,-8.60567,-67.18729,17.3
539,10/4/2023,AQUA_M-T,Brasil,AMAZONAS,L¡BREA,AmazÙnia,2,29.03,-8.56615,-66.99323,14.3
540,10/4/2023,AQUA_M-T,Brasil,AMAZONAS,L¡BREA,AmazÙnia,2,1.92,-9.02574,-67.04605,12.2
541,10/4/2023,AQUA_M-T,Brasil,AMAZONAS,L¡BREA,AmazÙnia,3,0.4,-9.15801,-67.05289,21.8
542,10/4/2023,AQUA_M-T,Brasil,AMAZONAS,L¡BREA,AmazÙnia,3,11.63,-9.31221,-65.85932,23.1
543,10/4/2023,AQUA_M-T,Brasil,AMAZONAS,L¡BREA,AmazÙnia,3,10.75,-9.30175,-65.86108,37.2
544,10/4/2023,AQUA_M-T,Brasil,AMAZONAS,BOCA DO ACRE,AmazÙnia,3,0,-9.29068,-67.31767,75.6
545,10/4/2023,AQUA_M-T,Brasil,AMAZONAS,BOCA DO ACRE,AmazÙnia,3,0,-9.28912,-67.30728,33.7
546,10/4/2023,AQUA_M-T,Brasil,AMAZONAS,BOCA DO ACRE,AmazÙnia,3,0,-9.278,-67.2984,12.6
547,10/4/2023,AQUA_M-T,Brasil,AMAZONAS,L¡BREA,AmazÙnia,3,0,-9.22846,-67.16621,21.8
548,10/4/2023,AQUA_M-T,Brasil,AMAZONAS,L¡BREA,AmazÙnia,2,2.51,-9.01268,-67.02592,19.5
549,10/4/2023,AQUA_M-T,Brasil,AMAZONAS,L¡BREA,AmazÙnia,2,2.91,-9.00934,-67.00425,35.4
550,10/4/2023,AQUA_M-T,Brasil,AMAZONAS,L¡BREA,AmazÙnia,3,24.07,-8.65506,-66.57307,21.6
551,10/4/2023,AQUA_M-T,Brasil,AMAZONAS,L¡BREA,AmazÙnia,3,23.95,-8.64499,-66.57465,29.8
552,10/4/2023,AQUA_M-T,Brasil,AMAZONAS,L¡BREA,AmazÙnia,3,0,-9.74296,-66.85029,9.6
553,10/4/2023,AQUA_M-T,Brasil,AMAZONAS,L¡BREA,AmazÙnia,3,0,-9.6828,-67.06432,180.4
554,10/4/2023,AQUA_M-T,Brasil,AMAZONAS,L¡BREA,AmazÙnia,3,0,-9.67316,-67.06583,17.2
555,10/4/2023,AQUA_M-T,Brasil,AMAZONAS,L¡BREA,AmazÙnia,3,0,-9.67154,-67.05525,29
556,10/4/2023,AQUA_M-T,Brasil,AMAZONAS,L¡BREA,AmazÙnia,3,0.14,-9.52841,-66.78432,14.3
557,10/4/2023,AQUA_M-T,Brasil,AMAZONAS,L¡BREA,AmazÙnia,3,0,-9.46945,-67.13214,19
558,10/4/2023,AQUA_M-T,Brasil,AMAZONAS,L¡BREA,AmazÙnia,2,0.65,-9.4679,-66.73264,34.7
559,10/4/2023,AQUA_M-T,Brasil,AMAZONAS,L¡BREA,AmazÙnia,3,0,-9.46605,-67.12749,18.3
560,10/4/2023,AQUA_M-T,Brasil,AMAZONAS,L¡BREA,AmazÙnia,2,0.73,-9.45804,-66.7342,49.8
561,10/4/2023,AQUA_M-T,Brasil,AMAZONAS,ENVIRA,AmazÙnia,2,0,-7.83153,-69.98402,25.6
562,10/4/2023,AQUA_M-T,Brasil,AMAZONAS,ENVIRA,AmazÙnia,2,0,-7.83024,-69.97507,18.2
563,10/4/2023,AQUA_M-T,Brasil,AMAZONAS,ENVIRA,AmazÙnia,2,0,-7.82262,-69.98534,36.6
564,10/4/2023,AQUA_M-T,Brasil,AMAZONAS,ENVIRA,AmazÙnia,2,0,-7.82132,-69.97639,64.5
565,10/4/2023,AQUA_M-T,Brasil,AMAZONAS,ENVIRA,AmazÙnia,2,0,-7.66944,-70.0111,11.4
566,10/4/2023,AQUA_M-T,Brasil,AMAZONAS,ENVIRA,AmazÙnia,2,0,-7.54123,-69.95455,24.4
567,10/4/2023,AQUA_M-T,Brasil,AMAZONAS,ENVIRA,AmazÙnia,2,0,-7.51447,-69.95851,8.4
568,10/4/2023,AQUA_M-T,Brasil,AMAZONAS,EIRUNEP…,AmazÙnia,2,0,-6.86257,-69.90565,7.1
569,10/4/2023,AQUA_M-T,Brasil,AMAZONAS,EIRUNEP…,AmazÙnia,2,0.99,-6.72702,-69.36076,50.7
570,10/4/2023,AQUA_M-T,Brasil,AMAZONAS,ITAMARATI,AmazÙnia,2,1.01,-6.72568,-69.35163,28
571,10/4/2023,AQUA_M-T,Brasil,AMAZONAS,S√O GABRIEL DA CACHOEIRA,AmazÙnia,3,0,0.28787,-69.89005,5
572,10/4/2023,AQUA_M-T,Brasil,AMAZONAS,S√O GABRIEL DA CACHOEIRA,AmazÙnia,3,0,0.07784,-69.83135,14.9
573,10/4/2023,AQUA_M-T,Brasil,AMAZONAS,TABATINGA,AmazÙnia,2,6.78,-3.82639,-69.43362,27.1
574,10/4/2023,AQUA_M-T,Brasil,AMAZONAS,S√O PAULO DE OLIVEN«A,AmazÙnia,2,5.72,-3.77676,-69.40898,11.4
575,10/4/2023,AQUA_M-T,Brasil,AMAZONAS,ENVIRA,AmazÙnia,3,0,-7.75503,-70.73211,13.6
576,10/4/2023,AQUA_M-T,Brasil,AMAZONAS,ENVIRA,AmazÙnia,3,0,-7.69339,-70.62112,7.8
577,10/4/2023,AQUA_M-T,Brasil,AMAZONAS,ENVIRA,AmazÙnia,2,0,-7.64693,-70.23365,10.8
578,10/4/2023,AQUA_M-T,Brasil,AMAZONAS,EIRUNEP…,AmazÙnia,3,0,-7.33395,-71.01022,7.7
579,10/4/2023,AQUA_M-T,Brasil,AMAZONAS,EIRUNEP…,AmazÙnia,3,0,-7.33264,-71.00109,6
580,10/4/2023,AQUA_M-T,Brasil,AMAZONAS,EIRUNEP…,AmazÙnia,2,0,-6.66484,-69.938,6.9
581,10/4/2023,AQUA_M-T,Brasil,AMAZONAS,EIRUNEP…,AmazÙnia,2,0,-6.63734,-69.88461,9.7
582,10/4/2023,AQUA_M-T,Brasil,AMAZONAS,GUAJAR¡,AmazÙnia,2,0,-7.39694,-72.51208,10.3
583,10/4/2023,AQUA_M-T,Brasil,AMAZONAS,GUAJAR¡,AmazÙnia,2,0,-7.39552,-72.50171,21.6
584,10/4/2023,AQUA_M-T,Brasil,AMAZONAS,GUAJAR¡,AmazÙnia,2,0,-7.37326,-72.72559,10.7
585,10/4/2023,AQUA_M-T,Brasil,AMAZONAS,GUAJAR¡,AmazÙnia,1,0,-7.37111,-72.63956,7
586,10/4/2023,AQUA_M-T,Brasil,AMAZONAS,GUAJAR¡,AmazÙnia,2,0,-7.36358,-72.72697,24
587,10/4/2023,AQUA_M-T,Brasil,AMAZONAS,GUAJAR¡,AmazÙnia,2,0,-7.22931,-72.55875,11.3
588,10/4/2023,AQUA_M-T,Brasil,AMAZONAS,GUAJAR¡,AmazÙnia,2,0,-7.22787,-72.5483,29.5
589,10/4/2023,AQUA_M-T,Brasil,AMAZONAS,GUAJAR¡,AmazÙnia,2,0,-7.20734,-72.64285,6.8
590,10/4/2023,AQUA_M-T,Brasil,AMAZONAS,GUAJAR¡,AmazÙnia,2,0,-7.20586,-72.63239,10.3
591,10/4/2023,AQUA_M-T,Brasil,AMAZONAS,GUAJAR¡,AmazÙnia,2,0,-7.20439,-72.62194,129.2
592,10/4/2023,AQUA_M-T,Brasil,AMAZONAS,GUAJAR¡,AmazÙnia,2,0,-7.20292,-72.61153,54.9
593,10/4/2023,AQUA_M-T,Brasil,AMAZONAS,GUAJAR¡,AmazÙnia,2,0,-7.19998,-72.59073,21.8
594,10/4/2023,AQUA_M-T,Brasil,AMAZONAS,GUAJAR¡,AmazÙnia,2,0,-7.1985,-72.5803,9
595,10/4/2023,AQUA_M-T,Brasil,AMAZONAS,IPIXUNA,AmazÙnia,2,0,-7.00591,-71.80152,20.2
596,10/4/2023,AQUA_M-T,Brasil,AMAZONAS,NOVO ARIPUAN√,AmazÙnia,0,0,-7.54912,-60.74874,33.4
597,10/4/2023,AQUA_M-T,Brasil,AMAZONAS,CANUTAMA,AmazÙnia,0,0,-7.55878,-63.84948,17.6
598,10/4/2023,AQUA_M-T,Brasil,AMAZONAS,L¡BREA,AmazÙnia,4,0.1,-9.18526,-65.33698,37
599,10/4/2023,AQUA_M-T,Brasil,AMAZONAS,L¡BREA,AmazÙnia,4,0.1,-9.18229,-65.32894,28.3
600,10/4/2023,AQUA_M-T,Brasil,AMAZONAS,L¡BREA,AmazÙnia,3,3.85,-9.51615,-65.7091,22.1
